bucket,importance_mean
Genetic_PCA,0.08736654798322625
GxE_interaction,0.06827371545424236
Past_pheno,0.6869652168536811
Soil,0.034359951016118995
Weather,0.3869783437694456
