bucket,importance_mean
Genetic_PCA,0.00015930532632619788
GxE_interaction,5.7851223573435195e-05
Other,2.0062269433143367
Past_pheno,2.3994114513470332e-05
Soil,2.8405546059762086e-08
Weather,1.3043392517619878e-06
